"filename", "language", "JavaScript", "PostCSS", "XML", "comment", "blank", "total"
"e:\HDSE\Final Project\UI\application\src\App.css", "PostCSS", 0, 3768, 0, 298, 424, 4490
"e:\HDSE\Final Project\UI\application\src\App.js", "JavaScript", 172, 0, 0, 12, 35, 219
"e:\HDSE\Final Project\UI\application\src\App.test.js", "JavaScript", 7, 0, 0, 0, 2, 9
"e:\HDSE\Final Project\UI\application\src\components\AdminLayout.js", "JavaScript", 144, 0, 0, 0, 14, 158
"e:\HDSE\Final Project\UI\application\src\components\CustomerLayout.js", "JavaScript", 90, 0, 0, 0, 12, 102
"e:\HDSE\Final Project\UI\application\src\components\Footer.js", "JavaScript", 93, 0, 0, 1, 9, 103
"e:\HDSE\Final Project\UI\application\src\components\Layout.js", "JavaScript", 17, 0, 0, 0, 3, 20
"e:\HDSE\Final Project\UI\application\src\components\Navbar.js", "JavaScript", 207, 0, 0, 6, 19, 232
"e:\HDSE\Final Project\UI\application\src\components\ProtectedRoute.js", "JavaScript", 19, 0, 0, 74, 7, 100
"e:\HDSE\Final Project\UI\application\src\components\TourInclusions.js", "JavaScript", 50, 0, 0, 0, 6, 56
"e:\HDSE\Final Project\UI\application\src\components\layouts\admin\ContentManagement.js", "JavaScript", 343, 0, 0, 3, 23, 369
"e:\HDSE\Final Project\UI\application\src\components\layouts\admin\DriverAndFleetManagement.js", "JavaScript", 188, 0, 0, 1, 12, 201
"e:\HDSE\Final Project\UI\application\src\components\layouts\admin\FinanceReportsAndStatistics.js", "JavaScript", 184, 0, 0, 1, 14, 199
"e:\HDSE\Final Project\UI\application\src\components\layouts\admin\MessagesAndInquiries.js", "JavaScript", 196, 0, 0, 4, 17, 217
"e:\HDSE\Final Project\UI\application\src\components\layouts\admin\ReservationManagement.js", "JavaScript", 203, 0, 0, 2, 16, 221
"e:\HDSE\Final Project\UI\application\src\components\layouts\admin\UserManagement.js", "JavaScript", 206, 0, 0, 3, 16, 225
"e:\HDSE\Final Project\UI\application\src\components\layouts\customer\CustomerLayout.js", "JavaScript", 239, 0, 0, 3, 21, 263
"e:\HDSE\Final Project\UI\application\src\components\modals\ActivityModal.js", "JavaScript", 76, 0, 0, 1, 13, 90
"e:\HDSE\Final Project\UI\application\src\components\modals\AdventureModal.js", "JavaScript", 98, 0, 0, 1, 15, 114
"e:\HDSE\Final Project\UI\application\src\components\modals\BookedModal.js", "JavaScript", 58, 0, 0, 1, 8, 67
"e:\HDSE\Final Project\UI\application\src\components\modals\CityModal.js", "JavaScript", 78, 0, 0, 1, 12, 91
"e:\HDSE\Final Project\UI\application\src\components\modals\ConfirmBookingModal.js", "JavaScript", 69, 0, 0, 13, 7, 89
"e:\HDSE\Final Project\UI\application\src\components\modals\ImageModal.js", "JavaScript", 23, 0, 0, 1, 2, 26
"e:\HDSE\Final Project\UI\application\src\components\modals\MessageCustomerModal.js", "JavaScript", 56, 0, 0, 0, 4, 60
"e:\HDSE\Final Project\UI\application\src\components\modals\TermsAndConditionsModal.js", "JavaScript", 39, 0, 0, 1, 4, 44
"e:\HDSE\Final Project\UI\application\src\components\modals\TourModal.js", "JavaScript", 203, 0, 0, 3, 25, 231
"e:\HDSE\Final Project\UI\application\src\components\modals\ViewCustomerModal.js", "JavaScript", 23, 0, 0, 0, 3, 26
"e:\HDSE\Final Project\UI\application\src\components\modals\adminModals\driverAndFleetManagementModals\EditDriver.js", "JavaScript", 192, 0, 0, 0, 25, 217
"e:\HDSE\Final Project\UI\application\src\components\modals\adminModals\driverAndFleetManagementModals\EditVehicle.js", "JavaScript", 178, 0, 0, 1, 21, 200
"e:\HDSE\Final Project\UI\application\src\components\modals\adminModals\driverAndFleetManagementModals\ViewDriverScheduleModal.js", "JavaScript", 337, 0, 0, 1, 28, 366
"e:\HDSE\Final Project\UI\application\src\components\modals\adminModals\driverAndFleetManagementModals\ViewPayrollModal.js", "JavaScript", 265, 0, 0, 1, 24, 290
"e:\HDSE\Final Project\UI\application\src\components\modals\adminModals\driverAndFleetManagementModals\ViewVehicleScheduleModal.js", "JavaScript", 322, 0, 0, 1, 27, 350
"e:\HDSE\Final Project\UI\application\src\components\modals\adminModals\financeManagementModals\ExchangeRateModal.js", "JavaScript", 104, 0, 0, 1, 9, 114
"e:\HDSE\Final Project\UI\application\src\components\modals\adminModals\financeManagementModals\ToBeReceivedRecordPaymentModal.js", "JavaScript", 332, 0, 0, 12, 30, 374
"e:\HDSE\Final Project\UI\application\src\components\modals\adminModals\tourReservationModals\AdminBookingModalBody.js", "JavaScript", 107, 0, 0, 1, 9, 117
"e:\HDSE\Final Project\UI\application\src\components\modals\adminModals\tourReservationModals\AdminCompletedTourModal.js", "JavaScript", 19, 0, 0, 1, 1, 21
"e:\HDSE\Final Project\UI\application\src\components\modals\adminModals\tourReservationModals\AdminConfirmedTourModal.js", "JavaScript", 19, 0, 0, 1, 1, 21
"e:\HDSE\Final Project\UI\application\src\components\modals\adminModals\tourReservationModals\AdminPaidTourModal.js", "JavaScript", 19, 0, 0, 1, 1, 21
"e:\HDSE\Final Project\UI\application\src\components\modals\adminModals\tourReservationModals\AdminUnpaidTourModal.js", "JavaScript", 0, 0, 0, 0, 1, 1
"e:\HDSE\Final Project\UI\application\src\components\modals\adminModals\tourReservationModals\ApproveCancellationModal.js", "JavaScript", 164, 0, 0, 6, 20, 190
"e:\HDSE\Final Project\UI\application\src\components\modals\adminModals\tourReservationModals\ApproveDateChangeModal.js", "JavaScript", 234, 0, 0, 9, 27, 270
"e:\HDSE\Final Project\UI\application\src\components\modals\adminModals\tourReservationModals\AssignDriverModal.js", "JavaScript", 358, 0, 0, 7, 37, 402
"e:\HDSE\Final Project\UI\application\src\components\modals\adminModals\tourReservationModals\AssignVehicleModal.js", "JavaScript", 409, 0, 0, 17, 44, 470
"e:\HDSE\Final Project\UI\application\src\components\modals\adminModals\tourReservationModals\ConfirmTourModal.js", "JavaScript", 131, 0, 0, 2, 18, 151
"e:\HDSE\Final Project\UI\application\src\components\modals\adminModals\tourReservationModals\GenerateReceiptModal.js", "JavaScript", 497, 0, 0, 21, 39, 557
"e:\HDSE\Final Project\UI\application\src\components\modals\adminModals\tourReservationModals\MessageCustomerModal.js", "JavaScript", 161, 0, 0, 6, 14, 181
"e:\HDSE\Final Project\UI\application\src\components\modals\adminModals\tourReservationModals\RejectCancellationModal.js", "JavaScript", 77, 0, 0, 1, 10, 88
"e:\HDSE\Final Project\UI\application\src\components\modals\adminModals\tourReservationModals\RejectDateChangeModal.js", "JavaScript", 85, 0, 0, 1, 11, 97
"e:\HDSE\Final Project\UI\application\src\components\modals\adminModals\tourReservationModals\ViewCustomerModal.js", "JavaScript", 0, 0, 0, 0, 1, 1
"e:\HDSE\Final Project\UI\application\src\components\modals\bookings\CustomBookedTourInvoiceModal.js", "JavaScript", 547, 0, 0, 12, 74, 633
"e:\HDSE\Final Project\UI\application\src\components\modals\bookings\PresetBookedTourInvoiceModal.js", "JavaScript", 615, 0, 0, 16, 84, 715
"e:\HDSE\Final Project\UI\application\src\components\modals\bookings\VehicleOnlyBookedInvoiceModal.js", "JavaScript", 310, 0, 0, 9, 45, 364
"e:\HDSE\Final Project\UI\application\src\components\modals\bookings\ViewFinalReceiptModal.js", "JavaScript", 151, 0, 0, 1, 18, 170
"e:\HDSE\Final Project\UI\application\src\components\modals\bookings\ViewPaymentProofModal.js", "JavaScript", 116, 0, 0, 1, 11, 128
"e:\HDSE\Final Project\UI\application\src\components\modals\bookings\ViewReceiptModal.js", "JavaScript", 131, 0, 0, 1, 15, 147
"e:\HDSE\Final Project\UI\application\src\components\modals\customer\CustomerChatModal.js", "JavaScript", 136, 0, 0, 1, 11, 148
"e:\HDSE\Final Project\UI\application\src\components\modals\customer\RequestDateChangeModal.js", "JavaScript", 279, 0, 0, 3, 26, 308
"e:\HDSE\Final Project\UI\application\src\components\modals\customer\RequestDeletionModal.js", "JavaScript", 122, 0, 0, 1, 11, 134
"e:\HDSE\Final Project\UI\application\src\components\modals\customer\ViewAndPayCustomTourModal.js", "JavaScript", 190, 0, 0, 1, 17, 208
"e:\HDSE\Final Project\UI\application\src\components\modals\customer\ViewAndPayPresetTourModal.js", "JavaScript", 230, 0, 0, 1, 20, 251
"e:\HDSE\Final Project\UI\application\src\components\modals\customer\ViewAndPayVehicleOnlyModal.js", "JavaScript", 154, 0, 0, 1, 17, 172
"e:\HDSE\Final Project\UI\application\src\components\modals\customer\ViewCustomReservationModal.js", "JavaScript", 74, 0, 0, 1, 4, 79
"e:\HDSE\Final Project\UI\application\src\components\modals\customer\ViewNotificationsModal.js", "JavaScript", 268, 0, 0, 6, 26, 300
"e:\HDSE\Final Project\UI\application\src\components\modals\customer\ViewPresetReservationModal.js", "JavaScript", 93, 0, 0, 1, 4, 98
"e:\HDSE\Final Project\UI\application\src\components\modals\customer\ViewVehicleOnlyReservationModal.js", "JavaScript", 55, 0, 0, 1, 5, 61
"e:\HDSE\Final Project\UI\application\src\components\modals\general\GeneralConfirmationModal.js", "JavaScript", 82, 0, 0, 13, 4, 99
"e:\HDSE\Final Project\UI\application\src\components\modals\general\GeneralDeleteConfirmationModal.js", "JavaScript", 82, 0, 0, 13, 3, 98
"e:\HDSE\Final Project\UI\application\src\components\modals\general\GeneralPhotoUploadModal.js", "JavaScript", 151, 0, 0, 9, 12, 172
"e:\HDSE\Final Project\UI\application\src\components\modals\general\ViewCustomerModal.js", "JavaScript", 331, 0, 0, 1, 33, 365
"e:\HDSE\Final Project\UI\application\src\components\modals\general\ViewDriverModal.js", "JavaScript", 89, 0, 0, 0, 11, 100
"e:\HDSE\Final Project\UI\application\src\components\modals\general\ViewVehicleModal.js", "JavaScript", 95, 0, 0, 1, 12, 108
"e:\HDSE\Final Project\UI\application\src\components\renderers\CustomInvoiceRenderer.js", "JavaScript", 102, 0, 0, 4, 14, 120
"e:\HDSE\Final Project\UI\application\src\components\renderers\PresetInvoiceRenderer.js", "JavaScript", 52, 0, 0, 1, 5, 58
"e:\HDSE\Final Project\UI\application\src\components\renderers\VehicleRenderer.js", "JavaScript", 72, 0, 0, 3, 6, 81
"e:\HDSE\Final Project\UI\application\src\firebase.js", "JavaScript", 18, 0, 0, 6, 8, 32
"e:\HDSE\Final Project\UI\application\src\index.css", "PostCSS", 0, 19, 0, 0, 3, 22
"e:\HDSE\Final Project\UI\application\src\index.js", "JavaScript", 13, 0, 0, 0, 3, 16
"e:\HDSE\Final Project\UI\application\src\logo.svg", "XML", 0, 0, 1, 0, 0, 1
"e:\HDSE\Final Project\UI\application\src\pages\AdminDashboard.js", "JavaScript", 78, 0, 0, 1, 4, 83
"e:\HDSE\Final Project\UI\application\src\pages\BookNow.js", "JavaScript", 87, 0, 0, 1, 5, 93
"e:\HDSE\Final Project\UI\application\src\pages\CitiesAdventureActivities.js", "JavaScript", 162, 0, 0, 1, 17, 180
"e:\HDSE\Final Project\UI\application\src\pages\Contact.js", "JavaScript", 155, 0, 0, 3, 13, 171
"e:\HDSE\Final Project\UI\application\src\pages\Gallery.js", "JavaScript", 60, 0, 0, 1, 7, 68
"e:\HDSE\Final Project\UI\application\src\pages\Home.js", "JavaScript", 306, 0, 0, 6, 28, 340
"e:\HDSE\Final Project\UI\application\src\pages\Privacy.js", "JavaScript", 48, 0, 0, 0, 8, 56
"e:\HDSE\Final Project\UI\application\src\pages\Profile.js", "JavaScript", 4, 0, 0, 0, 1, 5
"e:\HDSE\Final Project\UI\application\src\pages\Reviews.js", "JavaScript", 60, 0, 0, 1, 7, 68
"e:\HDSE\Final Project\UI\application\src\pages\TermsAndConditions.js", "JavaScript", 8, 0, 0, 1, 2, 11
"e:\HDSE\Final Project\UI\application\src\pages\Tours.js", "JavaScript", 66, 0, 0, 1, 6, 73
"e:\HDSE\Final Project\UI\application\src\pages\admin\ActivitiesAndAdventure.js", "JavaScript", 393, 0, 0, 4, 30, 427
"e:\HDSE\Final Project\UI\application\src\pages\admin\AdminMainMenu.js", "JavaScript", 136, 0, 0, 1, 11, 148
"e:\HDSE\Final Project\UI\application\src\pages\admin\CarouselManager.js", "JavaScript", 140, 0, 0, 0, 13, 153
"e:\HDSE\Final Project\UI\application\src\pages\admin\CitiesAndDestinations.js", "JavaScript", 297, 0, 0, 9, 25, 331
"e:\HDSE\Final Project\UI\application\src\pages\admin\Gallery.js", "JavaScript", 129, 0, 0, 1, 10, 140
"e:\HDSE\Final Project\UI\application\src\pages\admin\ManagePrices.js", "JavaScript", 219, 0, 0, 6, 21, 246
"e:\HDSE\Final Project\UI\application\src\pages\admin\Reports.js", "JavaScript", 253, 0, 0, 5, 26, 284
"e:\HDSE\Final Project\UI\application\src\pages\admin\Tours.js", "JavaScript", 234, 0, 0, 0, 38, 272
"e:\HDSE\Final Project\UI\application\src\pages\admin\Users.js", "JavaScript", 88, 0, 0, 1, 7, 96
"e:\HDSE\Final Project\UI\application\src\pages\admin\VehiclesAndAccommodations.js", "JavaScript", 354, 0, 0, 0, 29, 383
"e:\HDSE\Final Project\UI\application\src\pages\admin\contentManagement\ActivitiesAndAdventure.js", "JavaScript", 239, 0, 0, 2, 28, 269
"e:\HDSE\Final Project\UI\application\src\pages\admin\contentManagement\CarouselManager.js", "JavaScript", 140, 0, 0, 1, 13, 154
"e:\HDSE\Final Project\UI\application\src\pages\admin\contentManagement\CitiesAndDestinations.js", "JavaScript", 327, 0, 0, 8, 25, 360
"e:\HDSE\Final Project\UI\application\src\pages\admin\contentManagement\Dashboard.js", "JavaScript", 97, 0, 0, 1, 9, 107
"e:\HDSE\Final Project\UI\application\src\pages\admin\contentManagement\ManagePrices.js", "JavaScript", 200, 0, 0, 2, 22, 224
"e:\HDSE\Final Project\UI\application\src\pages\admin\contentManagement\NewsAndHighlights.js", "JavaScript", 180, 0, 0, 1, 17, 198
"e:\HDSE\Final Project\UI\application\src\pages\admin\contentManagement\TourManagement.js", "JavaScript", 282, 0, 0, 2, 27, 311
"e:\HDSE\Final Project\UI\application\src\pages\admin\contentManagement\VehiclesAndAccommodations.js", "JavaScript", 209, 0, 0, 5, 24, 238
"e:\HDSE\Final Project\UI\application\src\pages\admin\driverAndFleetManagement\Dashboard.js", "JavaScript", 163, 0, 0, 3, 15, 181
"e:\HDSE\Final Project\UI\application\src\pages\admin\driverAndFleetManagement\DriverManagement.js", "JavaScript", 537, 0, 0, 15, 104, 656
"e:\HDSE\Final Project\UI\application\src\pages\admin\driverAndFleetManagement\DriverStatistics.js", "JavaScript", 318, 0, 0, 7, 30, 355
"e:\HDSE\Final Project\UI\application\src\pages\admin\driverAndFleetManagement\TempDriversAndVehicles.js", "JavaScript", 695, 0, 0, 16, 66, 777
"e:\HDSE\Final Project\UI\application\src\pages\admin\driverAndFleetManagement\VehicleManagement.js", "JavaScript", 437, 0, 0, 10, 54, 501
"e:\HDSE\Final Project\UI\application\src\pages\admin\driverAndFleetManagement\VehicleStatistics.js", "JavaScript", 330, 0, 0, 4, 34, 368
"e:\HDSE\Final Project\UI\application\src\pages\admin\driverAndFleetManagement\externalDriversAndVehicles\CreateDriver.js", "JavaScript", 148, 0, 0, 2, 17, 167
"e:\HDSE\Final Project\UI\application\src\pages\admin\driverAndFleetManagement\externalDriversAndVehicles\CreateVehicle.js", "JavaScript", 119, 0, 0, 1, 13, 133
"e:\HDSE\Final Project\UI\application\src\pages\admin\driverAndFleetManagement\externalDriversAndVehicles\ExternalDriversAndVehicleLayout.js", "JavaScript", 73, 0, 0, 1, 9, 83
"e:\HDSE\Final Project\UI\application\src\pages\admin\driverAndFleetManagement\externalDriversAndVehicles\ViewDriver.js", "JavaScript", 145, 0, 0, 1, 13, 159
"e:\HDSE\Final Project\UI\application\src\pages\admin\driverAndFleetManagement\externalDriversAndVehicles\ViewVehicle.js", "JavaScript", 140, 0, 0, 1, 14, 155
"e:\HDSE\Final Project\UI\application\src\pages\admin\driverAndFleetManagement\internalDriversAndVehicles\CreateDriver.js", "JavaScript", 148, 0, 0, 2, 17, 167
"e:\HDSE\Final Project\UI\application\src\pages\admin\driverAndFleetManagement\internalDriversAndVehicles\CreateVehicle.js", "JavaScript", 119, 0, 0, 1, 13, 133
"e:\HDSE\Final Project\UI\application\src\pages\admin\driverAndFleetManagement\internalDriversAndVehicles\InternalDriversAndVehicleLayout.js", "JavaScript", 75, 0, 0, 1, 9, 85
"e:\HDSE\Final Project\UI\application\src\pages\admin\driverAndFleetManagement\internalDriversAndVehicles\ViewDriver.js", "JavaScript", 147, 0, 0, 1, 12, 160
"e:\HDSE\Final Project\UI\application\src\pages\admin\driverAndFleetManagement\internalDriversAndVehicles\ViewVehicle.js", "JavaScript", 144, 0, 0, 1, 14, 159
"e:\HDSE\Final Project\UI\application\src\pages\admin\driverAndFleetManagement\shared\driverVehicleHelpers.js", "JavaScript", 35, 0, 0, 2, 4, 41
"e:\HDSE\Final Project\UI\application\src\pages\admin\financeManagement\AuditLogs.js", "JavaScript", 101, 0, 0, 1, 9, 111
"e:\HDSE\Final Project\UI\application\src\pages\admin\financeManagement\CurrencyRates.js", "JavaScript", 133, 0, 0, 1, 11, 145
"e:\HDSE\Final Project\UI\application\src\pages\admin\financeManagement\Dashboard.js", "JavaScript", 191, 0, 0, 1, 18, 210
"e:\HDSE\Final Project\UI\application\src\pages\admin\financeManagement\DriverPayroll.js", "JavaScript", 605, 0, 0, 10, 43, 658
"e:\HDSE\Final Project\UI\application\src\pages\admin\financeManagement\ExpenseManagement.js", "JavaScript", 213, 0, 0, 2, 16, 231
"e:\HDSE\Final Project\UI\application\src\pages\admin\financeManagement\ExternalPayments.js", "JavaScript", 200, 0, 0, 2, 14, 216
"e:\HDSE\Final Project\UI\application\src\pages\admin\financeManagement\IncomeManagement.js", "JavaScript", 281, 0, 0, 2, 17, 300
"e:\HDSE\Final Project\UI\application\src\pages\admin\financeManagement\ReportsAndAnalytics.js", "JavaScript", 395, 0, 0, 6, 31, 432
"e:\HDSE\Final Project\UI\application\src\pages\admin\financeManagement\TobeReceived.js", "JavaScript", 282, 0, 0, 3, 25, 310
"e:\HDSE\Final Project\UI\application\src\pages\admin\financeManagement\Transactions.js", "JavaScript", 237, 0, 0, 2, 20, 259
"e:\HDSE\Final Project\UI\application\src\pages\admin\financeManagement\VehicleCosts.js", "JavaScript", 162, 0, 0, 1, 13, 176
"e:\HDSE\Final Project\UI\application\src\pages\admin\messagesAndInquiries\Dashboard.js", "JavaScript", 101, 0, 0, 1, 9, 111
"e:\HDSE\Final Project\UI\application\src\pages\admin\messagesAndInquiries\DirectMessages.js", "JavaScript", 391, 0, 0, 13, 29, 433
"e:\HDSE\Final Project\UI\application\src\pages\admin\messagesAndInquiries\TourChats.js", "JavaScript", 186, 0, 0, 1, 15, 202
"e:\HDSE\Final Project\UI\application\src\pages\admin\reservationManagement\CancellationRequests.js", "JavaScript", 289, 0, 0, 9, 26, 324
"e:\HDSE\Final Project\UI\application\src\pages\admin\reservationManagement\Dashboard.js", "JavaScript", 242, 0, 0, 3, 22, 267
"e:\HDSE\Final Project\UI\application\src\pages\admin\reservationManagement\DateChangeRequests.js", "JavaScript", 278, 0, 0, 4, 27, 309
"e:\HDSE\Final Project\UI\application\src\pages\admin\reservationManagement\manageReservations\CompletedReservations.js", "JavaScript", 117, 0, 0, 1, 10, 128
"e:\HDSE\Final Project\UI\application\src\pages\admin\reservationManagement\manageReservations\ConfirmedReservations.js", "JavaScript", 227, 0, 0, 4, 24, 255
"e:\HDSE\Final Project\UI\application\src\pages\admin\reservationManagement\manageReservations\ManageReservationsLayout.js", "JavaScript", 53, 0, 0, 1, 5, 59
"e:\HDSE\Final Project\UI\application\src\pages\admin\reservationManagement\manageReservations\PaidReservations.js", "JavaScript", 150, 0, 0, 4, 17, 171
"e:\HDSE\Final Project\UI\application\src\pages\admin\reservationManagement\manageReservations\bookingCardHelpers.js", "JavaScript", 60, 0, 0, 2, 0, 62
"e:\HDSE\Final Project\UI\application\src\pages\admin\userManagement\ActivityLogs.js", "JavaScript", 58, 0, 0, 1, 5, 64
"e:\HDSE\Final Project\UI\application\src\pages\admin\userManagement\AllCustomers.js", "JavaScript", 243, 0, 0, 3, 21, 267
"e:\HDSE\Final Project\UI\application\src\pages\admin\userManagement\CustomerBookings.js", "JavaScript", 247, 0, 0, 2, 26, 275
"e:\HDSE\Final Project\UI\application\src\pages\admin\userManagement\Dashboard.js", "JavaScript", 334, 0, 0, 6, 30, 370
"e:\HDSE\Final Project\UI\application\src\pages\admin\userManagement\NewRegistrations.js", "JavaScript", 116, 0, 0, 1, 10, 127
"e:\HDSE\Final Project\UI\application\src\pages\admin\userManagement\ProfileCompletion.js", "JavaScript", 182, 0, 0, 2, 16, 200
"e:\HDSE\Final Project\UI\application\src\pages\booknow\CustomTours.js", "JavaScript", 280, 0, 0, 1, 23, 304
"e:\HDSE\Final Project\UI\application\src\pages\booknow\PresetTours.js", "JavaScript", 311, 0, 0, 6, 29, 346
"e:\HDSE\Final Project\UI\application\src\pages\booknow\VehicleBookings.js", "JavaScript", 628, 0, 0, 10, 60, 698
"e:\HDSE\Final Project\UI\application\src\pages\booknow\customtours\Step1SelectTravelers.js", "JavaScript", 166, 0, 0, 1, 17, 184
"e:\HDSE\Final Project\UI\application\src\pages\booknow\customtours\Step2SelectLocations.js", "JavaScript", 188, 0, 0, 1, 15, 204
"e:\HDSE\Final Project\UI\application\src\pages\booknow\customtours\Step3Accommodations.js", "JavaScript", 157, 0, 0, 1, 13, 171
"e:\HDSE\Final Project\UI\application\src\pages\booknow\customtours\Step4Meals.js", "JavaScript", 52, 0, 0, 1, 4, 57
"e:\HDSE\Final Project\UI\application\src\pages\booknow\customtours\Step5Summary.js", "JavaScript", 165, 0, 0, 1, 13, 179
"e:\HDSE\Final Project\UI\application\src\pages\booknow\customtours\Step6Payment.js", "JavaScript", 233, 0, 0, 1, 20, 254
"e:\HDSE\Final Project\UI\application\src\pages\booknow\presettours\Step1SelectTour.js", "JavaScript", 228, 0, 0, 4, 20, 252
"e:\HDSE\Final Project\UI\application\src\pages\booknow\presettours\Step2Travelers.js", "JavaScript", 118, 0, 0, 1, 12, 131
"e:\HDSE\Final Project\UI\application\src\pages\booknow\presettours\Step3Accommodation.js", "JavaScript", 158, 0, 0, 1, 13, 172
"e:\HDSE\Final Project\UI\application\src\pages\booknow\presettours\Step4Meals.js", "JavaScript", 53, 0, 0, 1, 4, 58
"e:\HDSE\Final Project\UI\application\src\pages\booknow\presettours\Step5Summary.js", "JavaScript", 239, 0, 0, 1, 15, 255
"e:\HDSE\Final Project\UI\application\src\pages\booknow\presettours\Step6Payment.js", "JavaScript", 284, 0, 0, 2, 21, 307
"e:\HDSE\Final Project\UI\application\src\pages\customer\CustomerProfile.js", "JavaScript", 493, 0, 0, 5, 31, 529
"e:\HDSE\Final Project\UI\application\src\pages\customer\Dashboard.js", "JavaScript", 472, 0, 0, 11, 33, 516
"e:\HDSE\Final Project\UI\application\src\pages\customer\GiveFeedback.js", "JavaScript", 35, 0, 0, 0, 4, 39
"e:\HDSE\Final Project\UI\application\src\pages\customer\MyAcitivity.js", "JavaScript", 0, 0, 0, 0, 1, 1
"e:\HDSE\Final Project\UI\application\src\pages\customer\MyBookings.js", "JavaScript", 389, 0, 0, 6, 51, 446
"e:\HDSE\Final Project\UI\application\src\pages\customer\MyMessages.js", "JavaScript", 514, 0, 0, 15, 35, 564
"e:\HDSE\Final Project\UI\application\src\pages\customer\MyNotifications.js", "JavaScript", 437, 0, 0, 17, 50, 504
"e:\HDSE\Final Project\UI\application\src\pages\customer\myBookings\MyBookings.js", "JavaScript", 176, 0, 0, 3, 17, 196
"e:\HDSE\Final Project\UI\application\src\pages\customer\myBookings\customTours\CompletedCustomTours.js", "JavaScript", 21, 0, 0, 1, 3, 25
"e:\HDSE\Final Project\UI\application\src\pages\customer\myBookings\customTours\ConfirmedCustomTours.js", "JavaScript", 21, 0, 0, 1, 3, 25
"e:\HDSE\Final Project\UI\application\src\pages\customer\myBookings\customTours\PaidCustomTours.js", "JavaScript", 21, 0, 0, 1, 3, 25
"e:\HDSE\Final Project\UI\application\src\pages\customer\myBookings\customTours\UnpaidCustomTours.js", "JavaScript", 21, 0, 0, 1, 3, 25
"e:\HDSE\Final Project\UI\application\src\pages\customer\myBookings\presetTours\CompletedPresetTours.js", "JavaScript", 943, 0, 0, 16, 119, 1078
"e:\HDSE\Final Project\UI\application\src\pages\customer\myBookings\presetTours\ConfirmedPresetTours.js", "JavaScript", 943, 0, 0, 16, 119, 1078
"e:\HDSE\Final Project\UI\application\src\pages\customer\myBookings\presetTours\PaidPresetTours.js", "JavaScript", 943, 0, 0, 16, 119, 1078
"e:\HDSE\Final Project\UI\application\src\pages\customer\myBookings\presetTours\UnpaidPresetTours.js", "JavaScript", 1096, 0, 0, 17, 133, 1246
"e:\HDSE\Final Project\UI\application\src\pages\customer\myBookings\vehicleBookings\CompletedVehicleBookings.js", "JavaScript", 21, 0, 0, 1, 3, 25
"e:\HDSE\Final Project\UI\application\src\pages\customer\myBookings\vehicleBookings\ConfirmedVehicleBookings.js", "JavaScript", 21, 0, 0, 1, 3, 25
"e:\HDSE\Final Project\UI\application\src\pages\customer\myBookings\vehicleBookings\PaidVehicleBookings.js", "JavaScript", 21, 0, 0, 1, 3, 25
"e:\HDSE\Final Project\UI\application\src\pages\customer\myBookings\vehicleBookings\UnpaidVehicleBookings.js", "JavaScript", 21, 0, 0, 1, 3, 25
"e:\HDSE\Final Project\UI\application\src\pages\customer\myReservations\MyReservations.js", "JavaScript", 697, 0, 0, 29, 51, 777
"e:\HDSE\Final Project\UI\application\src\pages\login\AdminLogin.js", "JavaScript", 150, 0, 0, 1, 14, 165
"e:\HDSE\Final Project\UI\application\src\pages\login\CustomerLogin.js", "JavaScript", 87, 0, 0, 1, 10, 98
"e:\HDSE\Final Project\UI\application\src\pages\login\CustomerReset.js", "JavaScript", 80, 0, 0, 1, 8, 89
"e:\HDSE\Final Project\UI\application\src\pages\login\CustomerSignup.js", "JavaScript", 145, 0, 0, 1, 15, 161
"e:\HDSE\Final Project\UI\application\src\pages\login\CustomerVerifyEmail.js", "JavaScript", 75, 0, 0, 1, 10, 86
"e:\HDSE\Final Project\UI\application\src\reportWebVitals.js", "JavaScript", 12, 0, 0, 0, 2, 14
"e:\HDSE\Final Project\UI\application\src\setupTests.js", "JavaScript", 1, 0, 0, 4, 1, 6
"e:\HDSE\Final Project\UI\application\src\utils\notificationHelper.js", "JavaScript", 73, 0, 0, 19, 3, 95
"Total", "-", 37636, 3787, 1, 1072, 4192, 46688